<?xml version="1.0" encoding="UTF-8"?>
<project-private xmlns="http://www.netbeans.org/ns/project-private/1">
    <editor-bookmarks xmlns="http://www.netbeans.org/ns/editor-bookmarks/2" lastBookmarkId="0"/>
    <open-files xmlns="http://www.netbeans.org/ns/projectui-open-files/2">
        <group>
            <file>file:/C:/Users/gedea/Desktop/Cefet%20MG/2020%202S/Programacao%202/TrabalhoFinal/projetoFinalPC2/ProjetoFinalPc2/src/Control/ControlEntrar.java</file>
            <file>file:/C:/Users/gedea/Desktop/Cefet%20MG/2020%202S/Programacao%202/TrabalhoFinal/projetoFinalPC2/ProjetoFinalPc2/src/View/ViewArmas.java</file>
            <file>file:/C:/Users/gedea/Desktop/Cefet%20MG/2020%202S/Programacao%202/TrabalhoFinal/projetoFinalPC2/ProjetoFinalPc2/src/Model/Armas.java</file>
            <file>file:/C:/Users/gedea/Desktop/Cefet%20MG/2020%202S/Programacao%202/TrabalhoFinal/projetoFinalPC2/ProjetoFinalPc2/src/View/ViewInicio.java</file>
            <file>file:/C:/Users/gedea/Desktop/Cefet%20MG/2020%202S/Programacao%202/TrabalhoFinal/projetoFinalPC2/ProjetoFinalPc2/src/Control/ControlInicio.java</file>
            <file>file:/C:/Users/gedea/Desktop/Cefet%20MG/2020%202S/Programacao%202/TrabalhoFinal/projetoFinalPC2/ProjetoFinalPc2/src/Control/ControlTraje.java</file>
            <file>file:/C:/Users/gedea/Desktop/Cefet%20MG/2020%202S/Programacao%202/TrabalhoFinal/projetoFinalPC2/ProjetoFinalPc2/src/Model/Traje.java</file>
            <file>file:/C:/Users/gedea/Desktop/Cefet%20MG/2020%202S/Programacao%202/TrabalhoFinal/projetoFinalPC2/ProjetoFinalPc2/src/Model/EquipamentoDAO.java</file>
            <file>file:/C:/Users/gedea/Desktop/Cefet%20MG/2020%202S/Programacao%202/TrabalhoFinal/projetoFinalPC2/ProjetoFinalPc2/src/Model/ArmasDAO.java</file>
            <file>file:/C:/Users/gedea/Desktop/Cefet%20MG/2020%202S/Programacao%202/TrabalhoFinal/projetoFinalPC2/ProjetoFinalPc2/src/Control/ControlArmas.java</file>
        </group>
    </open-files>
</project-private>
